{
"conversationList": [
    {
      "inScopePhrases": [
        {
          "id": 1,
          "value": "Akeira, am bored...Tell me a joke?"
        },
        {
          "id": 2,
          "value":" can you tell how to play PUBG? "
        }
      ],
      "mapppedPhrases": [
        {
          "entities": {
            "pos1": {
              "entity": {
                "id": 2,
                "value": "fromPlace"
              },
              "value": "banglore"
            },
            "pos2": {
              "entity": {
                "id": 4,
                "value": "toPlace"
              },
              "value": "chennai"
            }
          },
          "id": 18,
          "intentId": 8,
          "value": "book ticket from %pos1% to %pos2%"
        }
      ],
      "outOfScopePhrases": [
        {
          "id": 0,
          "value": "string"
        }
      ],
      "sessionId": 0
    }
  ],
  "inScopeCount": 30,
  "mappedCount": 40,
  "outOfScopeCount": 30
}
