[
  {
    "channels": [
      {
        "id": 1,
        "value": "IVR"
      }
    ],
    "languages": [
      {
        "id": 6,
        "value": "English"
      }
    ],
    "virtualAgent": {
      "id": 10,
      "value": "Debbie"
    }
  },
  {
    "channels": [
      {
        "id": 2,
        "value": "Mobile"
      }
    ],
    "languages": [
      {
        "id": 3,
        "value": "English(US)"
      }
    ],
    "virtualAgent": {
      "id": 20,
      "value": "John"
    }
  },
  {
    "channels": [
      {
        "id": 4,
        "value": "Web"
      }
    ],
    "languages": [
      {
        "id": 5,
        "value": "Spanish"
      }
    ],
    "virtualAgent": {
      "id": 30,
      "value": "Wright"
    }
  },
  {
    "channels": [
      {
        "id": 7,
        "value": "Web"
      }
    ],
    "languages": [
      {
        "id": 6,
        "value": "English(US)"
      },
      {
        "id": 7,
        "value": "Spanish"
      }
    ],
    "virtualAgent": {
      "id": 10,
      "value": "Sony"
    }
  }
]
