{
    "virtualAgent": null,
    "virtualAgents": null,
    "intent": null,
    "intents": null,
    "conversation": null,
    "trainingPhrases": null,
    "virtualAgentDashboardResponseObject": null,
    "virtualAgentTrendResponseObject": null,
    "systemSlotKeys": null,
    "count": null,
    "languages": null,
    "channels": null,
    "intentLanguageChannelMaps": null,
    "intentSlots": [
      {
        "intentSlotId": 7,
        "intentSlotName": "To city",
        "intentSlotDescription": "city",
        "entity": {
          "entityId": 1,
          "entityName": "fromPlace"
        }
      },
      {
        "intentSlotId": 6,
        "intentSlotName": "City from",
        "intentSlotDescription": "from city",
        "entity": {
          "entityId": 1,
          "entityName": "fromPlace"
        }
      },
      {
        "intentSlotId": 1,
        "intentSlotName": "fromPlace",
        "intentSlotDescription": "from city",
        "entity": {
          "entityId": 1,
          "entityName": "fromPlace"
        }
      },
      {
        "intentSlotId": 2,
        "intentSlotName": "toPlace",
        "intentSlotDescription": "to city",
        "entity": {
          "entityId": 2,
          "entityName": "toPlace"
        }
      }
    ],
    "errorBody": null
  }