{
  "mappedCount": 0,
  "inScopeCount": 2,
  "outOfScopeCount": 1,
  "conversationList": [
    {
      "sessionId": 2,
      "mapppedPhrases": [],
      "inScopePhrases": [
        {
          "id": 8,
          "value": "including food as well"
        },
        {
          "id": 6,
          "value": "Id like to book return"
        }
      ],
      "outOfScopePhrases": [
        {
          "id": 7,
          "value": "first class ticket from mumbai"
        }
      ]
    }
  ]
}