{
  "virtualAgents": [
    {
      "virtualAgent": {
        "id": 1,
        "value": "webBot_test"
      },
      "languages": [
        {
          "id": 1,
          "value": "English"
        },
        {
          "id": 2,
          "value": "French"
        }
      ],
      "channels": [
        {
          "id": 1,
          "value": "WEB"
        }
      ]
    },
    {
      "virtualAgent": {
        "id": 2,
        "value": "webBot_live"
      },
      "languages": [
        {
          "id": 1,
          "value": "English"
        },
        {
          "id": 2,
          "value": "French"
        }
      ],
      "channels": [
        {
          "id": 1,
          "value": "WEB"
        }
      ]
    },
    {
      "virtualAgent": {
        "id": 3,
        "value": "dummyBot_test"
      },
      "languages": [
        {
          "id": 4,
          "value": "French"
        },
        {
          "id": 3,
          "value": "English"
        }
      ],
      "channels": [
        {
          "id": 2,
          "value": "IVR"
        }
      ]
    },
    {
      "virtualAgent": {
        "id": 4,
        "value": "dummyBot_live"
      },
      "languages": [
        {
          "id": 4,
          "value": "French"
        },
        {
          "id": 3,
          "value": "English"
        }
      ],
      "channels": [
        {
          "id": 2,
          "value": "IVR"
        }
      ]
    }
  ]
}
