{
    "virtualAgent": null,
    "virtualAgents": null,
    "intent": null,
    "intents": [
      {
        "intentId": 78,
        "intentName": "intentForDummy17",
        "intentDescription": "intentForDummy17",
        "virtualAgent": {
          "vaId": 3,
          "vaName": "dummyBot",
          "vaIsLive": true,
          "vaAvatarName": "BOT",
          "vaDescription": "web"
        },
        "businessUnit": "categoryOne",
        "languages": [
          {
            "langEngId": 1,
            "langName": "French",
            "channels": [
              {
                "icmId": 199,
                "channelId": 1,
                "channelName": "WEB",
                "intentConfigStage": 1,
                "isLive": false
              },
              {
                "icmId": 200,
                "channelId": 2,
                "channelName": "IVR",
                "intentConfigStage": 1,
                "isLive": false
              }
            ]
          },
          {
            "langEngId": 2,
            "langName": "Spanish",
            "channels": [
              {
                "icmId": 201,
                "channelId": 1,
                "channelName": "WEB",
                "intentConfigStage": 1,
                "isLive": false
              },
              {
                "icmId": 202,
                "channelId": 2,
                "channelName": "IVR",
                "intentConfigStage": 1,
                "isLive": false
              }
            ]
          }
        ]
      }
    ],
    "conversation": null,
    "trainingPhrases": null,
    "virtualAgentDashboardResponseObject": null,
    "virtualAgentTrendResponseObject": null,
    "systemSlotKeys": null,
    "count": null,
    "languages": null,
    "channels": null,
    "intentLanguageChannelMaps": null,
    "intentSlots": null,
    "errorBody": null
  }